"","X.1","sample","X","subsample","X.rname","startpos","endpos","numreads","covbases","coverage","meandepth","meanbaseq","meanmapq","Original_ID.x","Sample_Type.x","Sample_Dilution.x","PCR_Primer_Scheme.x","Primer_Conc.x","NGS_Prep_Method.x","NGS_Run_Date.x","Qubit_Pool1.x","Qubit_Pool2.x","Original_ID.y","Sample_Type.y","Sample_Dilution.y","PCR_Primer_Scheme.y","Primer_Conc.y","NGS_Prep_Method.y","NGS_Run_Date.y","Qubit_Pool1.y","Qubit_Pool2.y","Ct1","Ct2","Original_ID","Sample_Type","Sample_Dilution","PCR_Primer_Scheme","Primer_Conc","NGS_Prep_Method","NGS_Run_Date","Qubit_Pool1","Qubit_Pool2"
"1",1,"SP00051",1,0.025,"NC_017592.1",1,2036856,334,18739,0.919996,0.015603,35.9,22,"A889-NP","NP swab",NA,"mNGS",NA,"Nextera XT (GLab)",NA,"9.66",NA,"A889-NP","NP swab",NA,"mNGS",NA,"Nextera XT (GLab)",NA,"9.66",NA,NA,NA,"A889-NP","NP swab",NA,"mNGS","","Nextera XT (GLab)","","9.66",""
"2",2,"SP00051",2,0.05,"NC_017592.1",1,2036856,650,25649,1.25924,0.0306924,35.9,22,"A889-NP","NP swab",NA,"mNGS",NA,"Nextera XT (GLab)",NA,"9.66",NA,"A889-NP","NP swab",NA,"mNGS",NA,"Nextera XT (GLab)",NA,"9.66",NA,NA,NA,"A889-NP","NP swab",NA,"mNGS","","Nextera XT (GLab)","","9.66",""
"3",3,"SP00051",3,0.075,"NC_017592.1",1,2036856,972,29602,1.45332,0.0454411,35.9,21.2,"A889-NP","NP swab",NA,"mNGS",NA,"Nextera XT (GLab)",NA,"9.66",NA,"A889-NP","NP swab",NA,"mNGS",NA,"Nextera XT (GLab)",NA,"9.66",NA,NA,NA,"A889-NP","NP swab",NA,"mNGS","","Nextera XT (GLab)","","9.66",""
"4",4,"SP00051",4,0.125,"NC_017592.1",1,2036856,1588,32951,1.61774,0.0736557,35.9,21.3,"A889-NP","NP swab",NA,"mNGS",NA,"Nextera XT (GLab)",NA,"9.66",NA,"A889-NP","NP swab",NA,"mNGS",NA,"Nextera XT (GLab)",NA,"9.66",NA,NA,NA,"A889-NP","NP swab",NA,"mNGS","","Nextera XT (GLab)","","9.66",""
"5",5,"SP00051",5,0.1,"NC_017592.1",1,2036856,1261,31510,1.54699,0.0590415,35.9,21.7,"A889-NP","NP swab",NA,"mNGS",NA,"Nextera XT (GLab)",NA,"9.66",NA,"A889-NP","NP swab",NA,"mNGS",NA,"Nextera XT (GLab)",NA,"9.66",NA,NA,NA,"A889-NP","NP swab",NA,"mNGS","","Nextera XT (GLab)","","9.66",""
"6",6,"SP00051",6,0.25,"NC_017592.1",1,2036856,3263,36974,1.81525,0.151121,35.9,20.8,"A889-NP","NP swab",NA,"mNGS",NA,"Nextera XT (GLab)",NA,"9.66",NA,"A889-NP","NP swab",NA,"mNGS",NA,"Nextera XT (GLab)",NA,"9.66",NA,NA,NA,"A889-NP","NP swab",NA,"mNGS","","Nextera XT (GLab)","","9.66",""
"7",7,"SP00051",7,0.5,"NC_017592.1",1,2036856,6527,38706,1.90028,0.303586,35.9,20.4,"A889-NP","NP swab",NA,"mNGS",NA,"Nextera XT (GLab)",NA,"9.66",NA,"A889-NP","NP swab",NA,"mNGS",NA,"Nextera XT (GLab)",NA,"9.66",NA,NA,NA,"A889-NP","NP swab",NA,"mNGS","","Nextera XT (GLab)","","9.66",""
"8",8,"SP00051",8,1,"NC_017592.1",1,2036856,12941,39385,1.93362,0.606196,35.9,20.7,"A889-NP","NP swab",NA,"mNGS",NA,"Nextera XT (GLab)",NA,"9.66",NA,"A889-NP","NP swab",NA,"mNGS",NA,"Nextera XT (GLab)",NA,"9.66",NA,NA,NA,"A889-NP","NP swab",NA,"mNGS","","Nextera XT (GLab)","","9.66",""
"9",9,"SP00052",9,0.025,"NC_017592.1",1,2036856,25,2643,0.129759,0.00137172,34.9,34.7,"B042-NP","NP swab",NA,"mNGS",NA,"Nextera XT (GLab)",NA,"8.26",NA,"B042-NP","NP swab",NA,"mNGS",NA,"Nextera XT (GLab)",NA,"8.26",NA,NA,NA,"B042-NP","NP swab",NA,"mNGS","","Nextera XT (GLab)","","8.26",""
"10",10,"SP00052",10,0.05,"NC_017592.1",1,2036856,54,5160,0.253332,0.00307238,35.4,33.1,"B042-NP","NP swab",NA,"mNGS",NA,"Nextera XT (GLab)",NA,"8.26",NA,"B042-NP","NP swab",NA,"mNGS",NA,"Nextera XT (GLab)",NA,"8.26",NA,NA,NA,"B042-NP","NP swab",NA,"mNGS","","Nextera XT (GLab)","","8.26",""
"11",11,"SP00052",11,0.075,"NC_017592.1",1,2036856,75,6770,0.332375,0.0043032,35.4,35.5,"B042-NP","NP swab",NA,"mNGS",NA,"Nextera XT (GLab)",NA,"8.26",NA,"B042-NP","NP swab",NA,"mNGS",NA,"Nextera XT (GLab)",NA,"8.26",NA,NA,NA,"B042-NP","NP swab",NA,"mNGS","","Nextera XT (GLab)","","8.26",""
"12",12,"SP00052",12,0.125,"NC_017592.1",1,2036856,113,8758,0.429976,0.0064904,35.6,33.7,"B042-NP","NP swab",NA,"mNGS",NA,"Nextera XT (GLab)",NA,"8.26",NA,"B042-NP","NP swab",NA,"mNGS",NA,"Nextera XT (GLab)",NA,"8.26",NA,NA,NA,"B042-NP","NP swab",NA,"mNGS","","Nextera XT (GLab)","","8.26",""
"13",13,"SP00052",13,0.1,"NC_017592.1",1,2036856,90,7869,0.386331,0.00511327,35.4,33.4,"B042-NP","NP swab",NA,"mNGS",NA,"Nextera XT (GLab)",NA,"8.26",NA,"B042-NP","NP swab",NA,"mNGS",NA,"Nextera XT (GLab)",NA,"8.26",NA,NA,NA,"B042-NP","NP swab",NA,"mNGS","","Nextera XT (GLab)","","8.26",""
"14",14,"SP00052",14,0.25,"NC_017592.1",1,2036856,196,13048,0.640595,0.0111559,35.6,31.7,"B042-NP","NP swab",NA,"mNGS",NA,"Nextera XT (GLab)",NA,"8.26",NA,"B042-NP","NP swab",NA,"mNGS",NA,"Nextera XT (GLab)",NA,"8.26",NA,NA,NA,"B042-NP","NP swab",NA,"mNGS","","Nextera XT (GLab)","","8.26",""
"15",15,"SP00052",15,0.5,"NC_017592.1",1,2036856,422,18838,0.924857,0.0241284,35.6,31.6,"B042-NP","NP swab",NA,"mNGS",NA,"Nextera XT (GLab)",NA,"8.26",NA,"B042-NP","NP swab",NA,"mNGS",NA,"Nextera XT (GLab)",NA,"8.26",NA,NA,NA,"B042-NP","NP swab",NA,"mNGS","","Nextera XT (GLab)","","8.26",""
"16",16,"SP00052",16,1,"NC_017592.1",1,2036856,880,24280,1.19203,0.0503678,35.5,32.7,"B042-NP","NP swab",NA,"mNGS",NA,"Nextera XT (GLab)",NA,"8.26",NA,"B042-NP","NP swab",NA,"mNGS",NA,"Nextera XT (GLab)",NA,"8.26",NA,NA,NA,"B042-NP","NP swab",NA,"mNGS","","Nextera XT (GLab)","","8.26",""
"17",17,"SP00053",17,0.025,"NC_017592.1",1,2036856,17,1266,0.0621546,0.00066966,35,8.35,"C677-NP","NP swab",NA,"mNGS",NA,"Nextera XT (GLab)",NA,"11.5",NA,"C677-NP","NP swab",NA,"mNGS",NA,"Nextera XT (GLab)",NA,"11.5",NA,NA,NA,"C677-NP","NP swab",NA,"mNGS","","Nextera XT (GLab)","","11.5",""
"18",18,"SP00053",18,0.05,"NC_017592.1",1,2036856,35,2274,0.111643,0.00133932,35.2,15.1,"C677-NP","NP swab",NA,"mNGS",NA,"Nextera XT (GLab)",NA,"11.5",NA,"C677-NP","NP swab",NA,"mNGS",NA,"Nextera XT (GLab)",NA,"11.5",NA,NA,NA,"C677-NP","NP swab",NA,"mNGS","","Nextera XT (GLab)","","11.5",""
"19",19,"SP00053",19,0.075,"NC_017592.1",1,2036856,47,2877,0.141247,0.00179689,35.2,15.1,"C677-NP","NP swab",NA,"mNGS",NA,"Nextera XT (GLab)",NA,"11.5",NA,"C677-NP","NP swab",NA,"mNGS",NA,"Nextera XT (GLab)",NA,"11.5",NA,NA,NA,"C677-NP","NP swab",NA,"mNGS","","Nextera XT (GLab)","","11.5",""
"20",20,"SP00053",20,0.125,"NC_017592.1",1,2036856,78,4503,0.221076,0.00304292,35.5,12.8,"C677-NP","NP swab",NA,"mNGS",NA,"Nextera XT (GLab)",NA,"11.5",NA,"C677-NP","NP swab",NA,"mNGS",NA,"Nextera XT (GLab)",NA,"11.5",NA,NA,NA,"C677-NP","NP swab",NA,"mNGS","","Nextera XT (GLab)","","11.5",""
"21",21,"SP00053",21,0.1,"NC_017592.1",1,2036856,62,3888,0.190882,0.00240518,35.5,13.3,"C677-NP","NP swab",NA,"mNGS",NA,"Nextera XT (GLab)",NA,"11.5",NA,"C677-NP","NP swab",NA,"mNGS",NA,"Nextera XT (GLab)",NA,"11.5",NA,NA,NA,"C677-NP","NP swab",NA,"mNGS","","Nextera XT (GLab)","","11.5",""
"22",22,"SP00053",22,0.25,"NC_017592.1",1,2036856,170,7427,0.364631,0.00672802,35.6,12.5,"C677-NP","NP swab",NA,"mNGS",NA,"Nextera XT (GLab)",NA,"11.5",NA,"C677-NP","NP swab",NA,"mNGS",NA,"Nextera XT (GLab)",NA,"11.5",NA,NA,NA,"C677-NP","NP swab",NA,"mNGS","","Nextera XT (GLab)","","11.5",""
"23",23,"SP00053",23,0.5,"NC_017592.1",1,2036856,362,9441,0.463508,0.0147001,35.8,9.25,"C677-NP","NP swab",NA,"mNGS",NA,"Nextera XT (GLab)",NA,"11.5",NA,"C677-NP","NP swab",NA,"mNGS",NA,"Nextera XT (GLab)",NA,"11.5",NA,NA,NA,"C677-NP","NP swab",NA,"mNGS","","Nextera XT (GLab)","","11.5",""
"24",24,"SP00053",24,1,"NC_017592.1",1,2036856,707,10694,0.525025,0.0281336,35.9,8.82,"C677-NP","NP swab",NA,"mNGS",NA,"Nextera XT (GLab)",NA,"11.5",NA,"C677-NP","NP swab",NA,"mNGS",NA,"Nextera XT (GLab)",NA,"11.5",NA,NA,NA,"C677-NP","NP swab",NA,"mNGS","","Nextera XT (GLab)","","11.5",""
"25",25,"SP00054",25,0.025,"NC_017592.1",1,2036856,14084,641937,31.5161,0.854839,34,46.3,"A889-S","Saliva",NA,"mNGS",NA,"Nextera XT (GLab)",NA,"0.172",NA,"A889-S","Saliva",NA,"mNGS",NA,"Nextera XT (GLab)",NA,"0.172",NA,25.97,NA,"A889-S","Saliva",NA,"mNGS","","Nextera XT (GLab)","","0.172",""
"26",26,"SP00054",26,0.05,"NC_017592.1",1,2036856,28016,814112,39.9691,1.69987,34,46.4,"A889-S","Saliva",NA,"mNGS",NA,"Nextera XT (GLab)",NA,"0.172",NA,"A889-S","Saliva",NA,"mNGS",NA,"Nextera XT (GLab)",NA,"0.172",NA,25.97,NA,"A889-S","Saliva",NA,"mNGS","","Nextera XT (GLab)","","0.172",""
"27",27,"SP00054",27,0.075,"NC_017592.1",1,2036856,42114,920264,45.1806,2.55527,34,46.4,"A889-S","Saliva",NA,"mNGS",NA,"Nextera XT (GLab)",NA,"0.172",NA,"A889-S","Saliva",NA,"mNGS",NA,"Nextera XT (GLab)",NA,"0.172",NA,25.97,NA,"A889-S","Saliva",NA,"mNGS","","Nextera XT (GLab)","","0.172",""
"28",28,"SP00054",28,0.125,"NC_017592.1",1,2036856,70002,1054979,51.7945,4.24506,34,46.4,"A889-S","Saliva",NA,"mNGS",NA,"Nextera XT (GLab)",NA,"0.172",NA,"A889-S","Saliva",NA,"mNGS",NA,"Nextera XT (GLab)",NA,"0.172",NA,25.97,NA,"A889-S","Saliva",NA,"mNGS","","Nextera XT (GLab)","","0.172",""
"29",29,"SP00054",29,0.1,"NC_017592.1",1,2036856,56099,997274,48.9614,3.40278,34,46.3,"A889-S","Saliva",NA,"mNGS",NA,"Nextera XT (GLab)",NA,"0.172",NA,"A889-S","Saliva",NA,"mNGS",NA,"Nextera XT (GLab)",NA,"0.172",NA,25.97,NA,"A889-S","Saliva",NA,"mNGS","","Nextera XT (GLab)","","0.172",""
"30",30,"SP00054",30,0.25,"NC_017592.1",1,2036856,140572,1236765,60.7193,8.52208,34,46.3,"A889-S","Saliva",NA,"mNGS",NA,"Nextera XT (GLab)",NA,"0.172",NA,"A889-S","Saliva",NA,"mNGS",NA,"Nextera XT (GLab)",NA,"0.172",NA,25.97,NA,"A889-S","Saliva",NA,"mNGS","","Nextera XT (GLab)","","0.172",""
"31",31,"SP00054",31,0.5,"NC_017592.1",1,2036856,281209,1385711,68.0319,17.0647,34,46.4,"A889-S","Saliva",NA,"mNGS",NA,"Nextera XT (GLab)",NA,"0.172",NA,"A889-S","Saliva",NA,"mNGS",NA,"Nextera XT (GLab)",NA,"0.172",NA,25.97,NA,"A889-S","Saliva",NA,"mNGS","","Nextera XT (GLab)","","0.172",""
"32",32,"SP00054",32,1,"NC_017592.1",1,2036856,562402,1480479,72.6845,34.146,34,46.4,"A889-S","Saliva",NA,"mNGS",NA,"Nextera XT (GLab)",NA,"0.172",NA,"A889-S","Saliva",NA,"mNGS",NA,"Nextera XT (GLab)",NA,"0.172",NA,25.97,NA,"A889-S","Saliva",NA,"mNGS","","Nextera XT (GLab)","","0.172",""
"33",33,"SP00055",33,0.025,"NC_017592.1",1,2036856,24021,908132,44.585,1.48105,34.9,44.4,"B042-S","Saliva",NA,"mNGS",NA,"Nextera XT (GLab)",NA,"7.54",NA,"B042-S","Saliva",NA,"mNGS",NA,"Nextera XT (GLab)",NA,"7.54",NA,30.86,NA,"B042-S","Saliva",NA,"mNGS","","Nextera XT (GLab)","","7.54",""
"34",34,"SP00055",34,0.05,"NC_017592.1",1,2036856,48041,1135476,55.7465,2.96156,34.9,44.4,"B042-S","Saliva",NA,"mNGS",NA,"Nextera XT (GLab)",NA,"7.54",NA,"B042-S","Saliva",NA,"mNGS",NA,"Nextera XT (GLab)",NA,"7.54",NA,30.86,NA,"B042-S","Saliva",NA,"mNGS","","Nextera XT (GLab)","","7.54",""
"35",35,"SP00055",35,0.075,"NC_017592.1",1,2036856,72264,1254598,61.5948,4.45169,34.9,44.4,"B042-S","Saliva",NA,"mNGS",NA,"Nextera XT (GLab)",NA,"7.54",NA,"B042-S","Saliva",NA,"mNGS",NA,"Nextera XT (GLab)",NA,"7.54",NA,30.86,NA,"B042-S","Saliva",NA,"mNGS","","Nextera XT (GLab)","","7.54",""
"36",36,"SP00055",36,0.125,"NC_017592.1",1,2036856,120669,1375616,67.5362,7.43187,34.9,44.4,"B042-S","Saliva",NA,"mNGS",NA,"Nextera XT (GLab)",NA,"7.54",NA,"B042-S","Saliva",NA,"mNGS",NA,"Nextera XT (GLab)",NA,"7.54",NA,30.86,NA,"B042-S","Saliva",NA,"mNGS","","Nextera XT (GLab)","","7.54",""
"37",37,"SP00055",37,0.1,"NC_017592.1",1,2036856,96343,1328157,65.2062,5.93364,34.9,44.4,"B042-S","Saliva",NA,"mNGS",NA,"Nextera XT (GLab)",NA,"7.54",NA,"B042-S","Saliva",NA,"mNGS",NA,"Nextera XT (GLab)",NA,"7.54",NA,30.86,NA,"B042-S","Saliva",NA,"mNGS","","Nextera XT (GLab)","","7.54",""
"38",38,"SP00055",38,0.25,"NC_017592.1",1,2036856,241288,1486219,72.9663,14.8523,34.9,44.5,"B042-S","Saliva",NA,"mNGS",NA,"Nextera XT (GLab)",NA,"7.54",NA,"B042-S","Saliva",NA,"mNGS",NA,"Nextera XT (GLab)",NA,"7.54",NA,30.86,NA,"B042-S","Saliva",NA,"mNGS","","Nextera XT (GLab)","","7.54",""
"39",39,"SP00055",39,0.5,"NC_017592.1",1,2036856,483184,1555037,76.345,29.7255,34.9,44.4,"B042-S","Saliva",NA,"mNGS",NA,"Nextera XT (GLab)",NA,"7.54",NA,"B042-S","Saliva",NA,"mNGS",NA,"Nextera XT (GLab)",NA,"7.54",NA,30.86,NA,"B042-S","Saliva",NA,"mNGS","","Nextera XT (GLab)","","7.54",""
"40",40,"SP00055",40,1,"NC_017592.1",1,2036856,964898,1598117,78.46,59.369,34.9,44.5,"B042-S","Saliva",NA,"mNGS",NA,"Nextera XT (GLab)",NA,"7.54",NA,"B042-S","Saliva",NA,"mNGS",NA,"Nextera XT (GLab)",NA,"7.54",NA,30.86,NA,"B042-S","Saliva",NA,"mNGS","","Nextera XT (GLab)","","7.54",""
"41",41,"SP00056",41,0.025,"NC_017592.1",1,2036856,6644,448054,21.9973,0.393971,35.2,39,"C677-S","Saliva",NA,"mNGS",NA,"Nextera XT (GLab)",NA,"0.656",NA,"C677-S","Saliva",NA,"mNGS",NA,"Nextera XT (GLab)",NA,"0.656",NA,28.78,NA,"C677-S","Saliva",NA,"mNGS","","Nextera XT (GLab)","","0.656",""
"42",42,"SP00056",42,0.05,"NC_017592.1",1,2036856,13290,679766,33.3733,0.791594,35.2,38.9,"C677-S","Saliva",NA,"mNGS",NA,"Nextera XT (GLab)",NA,"0.656",NA,"C677-S","Saliva",NA,"mNGS",NA,"Nextera XT (GLab)",NA,"0.656",NA,28.78,NA,"C677-S","Saliva",NA,"mNGS","","Nextera XT (GLab)","","0.656",""
"43",43,"SP00056",43,0.075,"NC_017592.1",1,2036856,20066,829445,40.7218,1.19642,35.2,39,"C677-S","Saliva",NA,"mNGS",NA,"Nextera XT (GLab)",NA,"0.656",NA,"C677-S","Saliva",NA,"mNGS",NA,"Nextera XT (GLab)",NA,"0.656",NA,28.78,NA,"C677-S","Saliva",NA,"mNGS","","Nextera XT (GLab)","","0.656",""
"44",44,"SP00056",44,0.125,"NC_017592.1",1,2036856,33521,1012826,49.725,1.99463,35.2,38.9,"C677-S","Saliva",NA,"mNGS",NA,"Nextera XT (GLab)",NA,"0.656",NA,"C677-S","Saliva",NA,"mNGS",NA,"Nextera XT (GLab)",NA,"0.656",NA,28.78,NA,"C677-S","Saliva",NA,"mNGS","","Nextera XT (GLab)","","0.656",""
"45",45,"SP00056",45,0.1,"NC_017592.1",1,2036856,26832,934443,45.8767,1.59684,35.2,38.9,"C677-S","Saliva",NA,"mNGS",NA,"Nextera XT (GLab)",NA,"0.656",NA,"C677-S","Saliva",NA,"mNGS",NA,"Nextera XT (GLab)",NA,"0.656",NA,28.78,NA,"C677-S","Saliva",NA,"mNGS","","Nextera XT (GLab)","","0.656",""
"46",46,"SP00056",46,0.25,"NC_017592.1",1,2036856,67022,1218014,59.7987,3.98891,35.2,38.9,"C677-S","Saliva",NA,"mNGS",NA,"Nextera XT (GLab)",NA,"0.656",NA,"C677-S","Saliva",NA,"mNGS",NA,"Nextera XT (GLab)",NA,"0.656",NA,28.78,NA,"C677-S","Saliva",NA,"mNGS","","Nextera XT (GLab)","","0.656",""
"47",47,"SP00056",47,0.5,"NC_017592.1",1,2036856,133980,1365307,67.0301,7.96688,35.2,38.9,"C677-S","Saliva",NA,"mNGS",NA,"Nextera XT (GLab)",NA,"0.656",NA,"C677-S","Saliva",NA,"mNGS",NA,"Nextera XT (GLab)",NA,"0.656",NA,28.78,NA,"C677-S","Saliva",NA,"mNGS","","Nextera XT (GLab)","","0.656",""
"48",48,"SP00056",48,1,"NC_017592.1",1,2036856,268232,1456446,71.5046,15.9357,35.2,38.8,"C677-S","Saliva",NA,"mNGS",NA,"Nextera XT (GLab)",NA,"0.656",NA,"C677-S","Saliva",NA,"mNGS",NA,"Nextera XT (GLab)",NA,"0.656",NA,28.78,NA,"C677-S","Saliva",NA,"mNGS","","Nextera XT (GLab)","","0.656",""
"49",49,"SP00057",49,0.025,"NC_017592.1",1,2036856,583090,1926944,94.6038,41.2535,35.5,57.2,"W1527-CI","Culture isolate",NA,"mNGS",NA,"Nextera XT (GLab)",NA,"27.2",NA,"W1527-CI","Culture isolate",NA,"mNGS",NA,"Nextera XT (GLab)",NA,"27.2",NA,13.21,NA,"W1527-CI","Culture isolate",NA,"mNGS","","Nextera XT (GLab)","","27.2",""
"50",50,"SP00057",50,0.05,"NC_017592.1",1,2036856,1167380,1933741,94.9375,82.6094,35.5,57.2,"W1527-CI","Culture isolate",NA,"mNGS",NA,"Nextera XT (GLab)",NA,"27.2",NA,"W1527-CI","Culture isolate",NA,"mNGS",NA,"Nextera XT (GLab)",NA,"27.2",NA,13.21,NA,"W1527-CI","Culture isolate",NA,"mNGS","","Nextera XT (GLab)","","27.2",""
"51",51,"SP00057",51,0.075,"NC_017592.1",1,2036856,1751651,1935175,95.0079,123.96,35.5,57.2,"W1527-CI","Culture isolate",NA,"mNGS",NA,"Nextera XT (GLab)",NA,"27.2",NA,"W1527-CI","Culture isolate",NA,"mNGS",NA,"Nextera XT (GLab)",NA,"27.2",NA,13.21,NA,"W1527-CI","Culture isolate",NA,"mNGS","","Nextera XT (GLab)","","27.2",""
"52",52,"SP00057",52,0.125,"NC_017592.1",1,2036856,2919298,1935847,95.0409,206.582,35.5,57.2,"W1527-CI","Culture isolate",NA,"mNGS",NA,"Nextera XT (GLab)",NA,"27.2",NA,"W1527-CI","Culture isolate",NA,"mNGS",NA,"Nextera XT (GLab)",NA,"27.2",NA,13.21,NA,"W1527-CI","Culture isolate",NA,"mNGS","","Nextera XT (GLab)","","27.2",""
"53",53,"SP00057",53,0.1,"NC_017592.1",1,2036856,2336206,1935552,95.0265,165.323,35.5,57.2,"W1527-CI","Culture isolate",NA,"mNGS",NA,"Nextera XT (GLab)",NA,"27.2",NA,"W1527-CI","Culture isolate",NA,"mNGS",NA,"Nextera XT (GLab)",NA,"27.2",NA,13.21,NA,"W1527-CI","Culture isolate",NA,"mNGS","","Nextera XT (GLab)","","27.2",""
"54",54,"SP00057",54,0.25,"NC_017592.1",1,2036856,5832731,1936484,95.0722,412.763,35.5,57.2,"W1527-CI","Culture isolate",NA,"mNGS",NA,"Nextera XT (GLab)",NA,"27.2",NA,"W1527-CI","Culture isolate",NA,"mNGS",NA,"Nextera XT (GLab)",NA,"27.2",NA,13.21,NA,"W1527-CI","Culture isolate",NA,"mNGS","","Nextera XT (GLab)","","27.2",""
"55",55,"SP00057",55,0.5,"NC_017592.1",1,2036856,11662958,1936814,95.0884,825.385,35.5,57.2,"W1527-CI","Culture isolate",NA,"mNGS",NA,"Nextera XT (GLab)",NA,"27.2",NA,"W1527-CI","Culture isolate",NA,"mNGS",NA,"Nextera XT (GLab)",NA,"27.2",NA,13.21,NA,"W1527-CI","Culture isolate",NA,"mNGS","","Nextera XT (GLab)","","27.2",""
"56",56,"SP00057",56,1,"NC_017592.1",1,2036856,23319271,1937297,95.1121,1650.22,35.5,57.2,"W1527-CI","Culture isolate",NA,"mNGS",NA,"Nextera XT (GLab)",NA,"27.2",NA,"W1527-CI","Culture isolate",NA,"mNGS",NA,"Nextera XT (GLab)",NA,"27.2",NA,13.21,NA,"W1527-CI","Culture isolate",NA,"mNGS","","Nextera XT (GLab)","","27.2",""
"57",57,"SP00058",57,0.025,"NC_017592.1",1,2036856,598280,1925401,94.5281,42.8067,35.2,57.1,"W3317-CI","Culture isolate",NA,"mNGS",NA,"Nextera XT (GLab)",NA,"9.4",NA,"W3317-CI","Culture isolate",NA,"mNGS",NA,"Nextera XT (GLab)",NA,"9.4",NA,13.06,NA,"W3317-CI","Culture isolate",NA,"mNGS","","Nextera XT (GLab)","","9.4",""
"58",58,"SP00058",58,0.05,"NC_017592.1",1,2036856,1195944,1933306,94.9162,85.5506,35.2,57.1,"W3317-CI","Culture isolate",NA,"mNGS",NA,"Nextera XT (GLab)",NA,"9.4",NA,"W3317-CI","Culture isolate",NA,"mNGS",NA,"Nextera XT (GLab)",NA,"9.4",NA,13.06,NA,"W3317-CI","Culture isolate",NA,"mNGS","","Nextera XT (GLab)","","9.4",""
"59",59,"SP00058",59,0.075,"NC_017592.1",1,2036856,1795589,1934696,94.9844,128.446,35.2,57.1,"W3317-CI","Culture isolate",NA,"mNGS",NA,"Nextera XT (GLab)",NA,"9.4",NA,"W3317-CI","Culture isolate",NA,"mNGS",NA,"Nextera XT (GLab)",NA,"9.4",NA,13.06,NA,"W3317-CI","Culture isolate",NA,"mNGS","","Nextera XT (GLab)","","9.4",""
"60",60,"SP00058",60,0.125,"NC_017592.1",1,2036856,2993878,1935864,95.0418,214.162,35.2,57.1,"W3317-CI","Culture isolate",NA,"mNGS",NA,"Nextera XT (GLab)",NA,"9.4",NA,"W3317-CI","Culture isolate",NA,"mNGS",NA,"Nextera XT (GLab)",NA,"9.4",NA,13.06,NA,"W3317-CI","Culture isolate",NA,"mNGS","","Nextera XT (GLab)","","9.4",""
"61",61,"SP00058",61,0.1,"NC_017592.1",1,2036856,2394097,1935495,95.0237,171.261,35.2,57.1,"W3317-CI","Culture isolate",NA,"mNGS",NA,"Nextera XT (GLab)",NA,"9.4",NA,"W3317-CI","Culture isolate",NA,"mNGS",NA,"Nextera XT (GLab)",NA,"9.4",NA,13.06,NA,"W3317-CI","Culture isolate",NA,"mNGS","","Nextera XT (GLab)","","9.4",""
"62",62,"SP00058",62,0.25,"NC_017592.1",1,2036856,5987535,1936512,95.0736,428.293,35.2,57.1,"W3317-CI","Culture isolate",NA,"mNGS",NA,"Nextera XT (GLab)",NA,"9.4",NA,"W3317-CI","Culture isolate",NA,"mNGS",NA,"Nextera XT (GLab)",NA,"9.4",NA,13.06,NA,"W3317-CI","Culture isolate",NA,"mNGS","","Nextera XT (GLab)","","9.4",""
"63",63,"SP00058",63,0.5,"NC_017592.1",1,2036856,11973233,1936885,95.0919,856.47,35.2,57.1,"W3317-CI","Culture isolate",NA,"mNGS",NA,"Nextera XT (GLab)",NA,"9.4",NA,"W3317-CI","Culture isolate",NA,"mNGS",NA,"Nextera XT (GLab)",NA,"9.4",NA,13.06,NA,"W3317-CI","Culture isolate",NA,"mNGS","","Nextera XT (GLab)","","9.4",""
"64",64,"SP00058",64,1,"NC_017592.1",1,2036856,23953002,1937238,95.1092,1713.36,35.2,57.1,"W3317-CI","Culture isolate",NA,"mNGS",NA,"Nextera XT (GLab)",NA,"9.4",NA,"W3317-CI","Culture isolate",NA,"mNGS",NA,"Nextera XT (GLab)",NA,"9.4",NA,13.06,NA,"W3317-CI","Culture isolate",NA,"mNGS","","Nextera XT (GLab)","","9.4",""
"65",65,"SP00059",65,0.025,"NC_017592.1",1,2036856,1188207,1931326,94.819,82.6816,35.4,55.5,"W4034-CI","Culture isolate",NA,"mNGS",NA,"Nextera XT (GLab)",NA,"25.4",NA,"W4034-CI","Culture isolate",NA,"mNGS",NA,"Nextera XT (GLab)",NA,"25.4",NA,15.52,NA,"W4034-CI","Culture isolate",NA,"mNGS","","Nextera XT (GLab)","","25.4",""
"66",66,"SP00059",66,0.05,"NC_017592.1",1,2036856,2375470,1940791,95.2837,165.307,35.4,55.5,"W4034-CI","Culture isolate",NA,"mNGS",NA,"Nextera XT (GLab)",NA,"25.4",NA,"W4034-CI","Culture isolate",NA,"mNGS",NA,"Nextera XT (GLab)",NA,"25.4",NA,15.52,NA,"W4034-CI","Culture isolate",NA,"mNGS","","Nextera XT (GLab)","","25.4",""
"67",67,"SP00059",67,0.075,"NC_017592.1",1,2036856,3562647,1944922,95.4865,247.92,35.4,55.5,"W4034-CI","Culture isolate",NA,"mNGS",NA,"Nextera XT (GLab)",NA,"25.4",NA,"W4034-CI","Culture isolate",NA,"mNGS",NA,"Nextera XT (GLab)",NA,"25.4",NA,15.52,NA,"W4034-CI","Culture isolate",NA,"mNGS","","Nextera XT (GLab)","","25.4",""
"68",68,"SP00059",68,0.125,"NC_017592.1",1,2036856,5937637,1947952,95.6352,413.171,35.4,55.5,"W4034-CI","Culture isolate",NA,"mNGS",NA,"Nextera XT (GLab)",NA,"25.4",NA,"W4034-CI","Culture isolate",NA,"mNGS",NA,"Nextera XT (GLab)",NA,"25.4",NA,15.52,NA,"W4034-CI","Culture isolate",NA,"mNGS","","Nextera XT (GLab)","","25.4",""
"69",69,"SP00059",69,0.1,"NC_017592.1",1,2036856,4750317,1946768,95.5771,330.56,35.4,55.5,"W4034-CI","Culture isolate",NA,"mNGS",NA,"Nextera XT (GLab)",NA,"25.4",NA,"W4034-CI","Culture isolate",NA,"mNGS",NA,"Nextera XT (GLab)",NA,"25.4",NA,15.52,NA,"W4034-CI","Culture isolate",NA,"mNGS","","Nextera XT (GLab)","","25.4",""
"70",70,"SP00059",70,0.25,"NC_017592.1",1,2036856,11872229,1949287,95.7008,826.146,35.4,55.5,"W4034-CI","Culture isolate",NA,"mNGS",NA,"Nextera XT (GLab)",NA,"25.4",NA,"W4034-CI","Culture isolate",NA,"mNGS",NA,"Nextera XT (GLab)",NA,"25.4",NA,15.52,NA,"W4034-CI","Culture isolate",NA,"mNGS","","Nextera XT (GLab)","","25.4",""
"71",71,"SP00059",71,0.5,"NC_017592.1",1,2036856,23751168,1950483,95.7595,1652.84,35.4,55.5,"W4034-CI","Culture isolate",NA,"mNGS",NA,"Nextera XT (GLab)",NA,"25.4",NA,"W4034-CI","Culture isolate",NA,"mNGS",NA,"Nextera XT (GLab)",NA,"25.4",NA,15.52,NA,"W4034-CI","Culture isolate",NA,"mNGS","","Nextera XT (GLab)","","25.4",""
"72",72,"SP00059",72,1,"NC_017592.1",1,2036856,47499219,1950948,95.7823,3305.51,35.4,55.5,"W4034-CI","Culture isolate",NA,"mNGS",NA,"Nextera XT (GLab)",NA,"25.4",NA,"W4034-CI","Culture isolate",NA,"mNGS",NA,"Nextera XT (GLab)",NA,"25.4",NA,15.52,NA,"W4034-CI","Culture isolate",NA,"mNGS","","Nextera XT (GLab)","","25.4",""
"73",73,"SP00060",73,0.025,"NC_017592.1",1,2036856,3,261,0.0128139,0.000128139,36.7,60,"NTC3","Water",NA,"mNGS",NA,"Nextera XT (GLab)",NA,"<0.1",NA,"NTC3","Water",NA,"mNGS",NA,"Nextera XT (GLab)",NA,"<0.1",NA,NA,NA,"NTC3","Water",NA,"mNGS","","Nextera XT (GLab)","","<0.1",""
"74",74,"SP00060",74,0.05,"NC_017592.1",1,2036856,4,401,0.0196872,0.000196872,36.8,60,"NTC3","Water",NA,"mNGS",NA,"Nextera XT (GLab)",NA,"<0.1",NA,"NTC3","Water",NA,"mNGS",NA,"Nextera XT (GLab)",NA,"<0.1",NA,NA,NA,"NTC3","Water",NA,"mNGS","","Nextera XT (GLab)","","<0.1",""
"75",75,"SP00060",75,0.075,"NC_017592.1",1,2036856,5,402,0.0197363,0.000231239,35.6,60,"NTC3","Water",NA,"mNGS",NA,"Nextera XT (GLab)",NA,"<0.1",NA,"NTC3","Water",NA,"mNGS",NA,"Nextera XT (GLab)",NA,"<0.1",NA,NA,NA,"NTC3","Water",NA,"mNGS","","Nextera XT (GLab)","","<0.1",""
"76",76,"SP00060",76,0.125,"NC_017592.1",1,2036856,10,579,0.0284262,0.000447749,35.9,58.7,"NTC3","Water",NA,"mNGS",NA,"Nextera XT (GLab)",NA,"<0.1",NA,"NTC3","Water",NA,"mNGS",NA,"Nextera XT (GLab)",NA,"<0.1",NA,NA,NA,"NTC3","Water",NA,"mNGS","","Nextera XT (GLab)","","<0.1",""
"77",77,"SP00060",77,0.1,"NC_017592.1",1,2036856,9,537,0.0263642,0.000427129,35.8,58.6,"NTC3","Water",NA,"mNGS",NA,"Nextera XT (GLab)",NA,"<0.1",NA,"NTC3","Water",NA,"mNGS",NA,"Nextera XT (GLab)",NA,"<0.1",NA,NA,NA,"NTC3","Water",NA,"mNGS","","Nextera XT (GLab)","","<0.1",""
"78",78,"SP00060",78,0.25,"NC_017592.1",1,2036856,26,1520,0.0746248,0.00121462,36.2,55.3,"NTC3","Water",NA,"mNGS",NA,"Nextera XT (GLab)",NA,"<0.1",NA,"NTC3","Water",NA,"mNGS",NA,"Nextera XT (GLab)",NA,"<0.1",NA,NA,NA,"NTC3","Water",NA,"mNGS","","Nextera XT (GLab)","","<0.1",""
"79",79,"SP00060",79,0.5,"NC_017592.1",1,2036856,61,2180,0.107028,0.00294424,35.9,56.2,"NTC3","Water",NA,"mNGS",NA,"Nextera XT (GLab)",NA,"<0.1",NA,"NTC3","Water",NA,"mNGS",NA,"Nextera XT (GLab)",NA,"<0.1",NA,NA,NA,"NTC3","Water",NA,"mNGS","","Nextera XT (GLab)","","<0.1",""
"80",80,"SP00060",80,1,"NC_017592.1",1,2036856,142,3296,0.161818,0.00711292,36,54.7,"NTC3","Water",NA,"mNGS",NA,"Nextera XT (GLab)",NA,"<0.1",NA,"NTC3","Water",NA,"mNGS",NA,"Nextera XT (GLab)",NA,"<0.1",NA,NA,NA,"NTC3","Water",NA,"mNGS","","Nextera XT (GLab)","","<0.1",""
"81",NA,"NEC",NA,NA,NA,NA,NA,NA,NA,NA,NA,NA,NA,NA,NA,NA,NA,NA,NA,NA,NA,NA,NA,NA,NA,NA,NA,NA,NA,NA,NA,NA,NA,NA,"",NA,"Hybrid PCR v1.2","","Hybrid COVIDseq","","",""
"82",NA,"CS00029",NA,NA,NA,NA,NA,NA,NA,NA,NA,NA,NA,NA,NA,NA,NA,NA,NA,NA,NA,NA,NA,NA,NA,NA,NA,NA,NA,NA,NA,NA,NA,NA,"Culture isolate",0.001,"Hybrid PCR v1.2","10uM","Hybrid COVIDseq","4/13/23","45","26.6"
"83",NA,"CS00030",NA,NA,NA,NA,NA,NA,NA,NA,NA,NA,NA,NA,NA,NA,NA,NA,NA,NA,NA,NA,NA,NA,NA,NA,NA,NA,NA,NA,NA,23.5,23.9,NA,"Culture isolate",0.001,"Hybrid PCR v1.2","100uM","Hybrid COVIDseq","4/13/23","75.2","95"
"84",NA,"CS00031",NA,NA,NA,NA,NA,NA,NA,NA,NA,NA,NA,NA,NA,NA,NA,NA,NA,NA,NA,NA,NA,NA,NA,NA,NA,NA,NA,NA,NA,NA,NA,NA,"Culture isolate",0.001,"Hybrid PCR v1.2","10uM","Hybrid COVIDseq","4/13/23","48","24.2"
"85",NA,"CS00032",NA,NA,NA,NA,NA,NA,NA,NA,NA,NA,NA,NA,NA,NA,NA,NA,NA,NA,NA,NA,NA,NA,NA,NA,NA,NA,NA,NA,NA,21.9,22.5,NA,"Culture isolate",0.001,"Hybrid PCR v1.2","100uM","Hybrid COVIDseq","4/13/23","79.8","101"
"86",NA,"CS00033",NA,NA,NA,NA,NA,NA,NA,NA,NA,NA,NA,NA,NA,NA,NA,NA,NA,NA,NA,NA,NA,NA,NA,NA,NA,NA,NA,NA,NA,NA,NA,NA,"Culture isolate",0.001,"Hybrid PCR v1.2","10uM","Hybrid COVIDseq","4/13/23","61.8","49.4"
"87",NA,"CS00034",NA,NA,NA,NA,NA,NA,NA,NA,NA,NA,NA,NA,NA,NA,NA,NA,NA,NA,NA,NA,NA,NA,NA,NA,NA,NA,NA,NA,NA,20.9,21.5,NA,"Culture isolate",0.001,"Hybrid PCR v1.2","100uM","Hybrid COVIDseq","4/13/23","81.2","92.8"
"88",NA,"CS00035",NA,NA,NA,NA,NA,NA,NA,NA,NA,NA,NA,NA,NA,NA,NA,NA,NA,NA,NA,NA,NA,NA,NA,NA,NA,NA,NA,NA,NA,NA,NA,NA,"Culture isolate",0.001,"Hybrid PCR v1.2","10uM","Hybrid COVIDseq","4/13/23","56.4","34.4"
"89",NA,"CS00036",NA,NA,NA,NA,NA,NA,NA,NA,NA,NA,NA,NA,NA,NA,NA,NA,NA,NA,NA,NA,NA,NA,NA,NA,NA,NA,NA,NA,NA,22.9,23.5,NA,"Culture isolate",0.001,"Hybrid PCR v1.2","100uM","Hybrid COVIDseq","4/13/23","80.4","97.6"
"90",NA,"CS00037",NA,NA,NA,NA,NA,NA,NA,NA,NA,NA,NA,NA,NA,NA,NA,NA,NA,NA,NA,NA,NA,NA,NA,NA,NA,NA,NA,NA,NA,NA,NA,NA,"Culture isolate",0.001,"Hybrid PCR v1.2","10uM","Hybrid COVIDseq","4/13/23","44.6","27.4"
"91",NA,"CS00038",NA,NA,NA,NA,NA,NA,NA,NA,NA,NA,NA,NA,NA,NA,NA,NA,NA,NA,NA,NA,NA,NA,NA,NA,NA,NA,NA,NA,NA,21.7,22.9,NA,"Culture isolate",0.001,"Hybrid PCR v1.2","100uM","Hybrid COVIDseq","4/13/23","77.8","92.8"
"92",NA,"CS00039",NA,NA,NA,NA,NA,NA,NA,NA,NA,NA,NA,NA,NA,NA,NA,NA,NA,NA,NA,NA,NA,NA,NA,NA,NA,NA,NA,NA,NA,NA,NA,NA,"Culture isolate",0.001,"Hybrid PCR v1.2","10uM","Hybrid COVIDseq","4/13/23","50.2","33.4"
"93",NA,"CS00040",NA,NA,NA,NA,NA,NA,NA,NA,NA,NA,NA,NA,NA,NA,NA,NA,NA,NA,NA,NA,NA,NA,NA,NA,NA,NA,NA,NA,NA,21.2,22,NA,"Culture isolate",0.001,"Hybrid PCR v1.2","100uM","Hybrid COVIDseq","4/13/23","84.4","92.4"
"94",NA,"CS00047",NA,NA,NA,NA,NA,NA,NA,NA,NA,NA,NA,NA,NA,NA,NA,NA,NA,NA,NA,NA,NA,NA,NA,NA,NA,NA,NA,NA,NA,25.77,26.25,NA,"Culture isolate",1e-04,"Hybrid PCR v1.2","100uM","Hybrid COVIDseq","5/11/23","",""
"95",NA,"CS00048",NA,NA,NA,NA,NA,NA,NA,NA,NA,NA,NA,NA,NA,NA,NA,NA,NA,NA,NA,NA,NA,NA,NA,NA,NA,NA,NA,NA,NA,28.21,28.38,NA,"Culture isolate",1e-05,"Hybrid PCR v1.2","100uM","Hybrid COVIDseq","5/11/23","",""
"96",NA,"CS00049",NA,NA,NA,NA,NA,NA,NA,NA,NA,NA,NA,NA,NA,NA,NA,NA,NA,NA,NA,NA,NA,NA,NA,NA,NA,NA,NA,NA,NA,31.46,31.83,NA,"Culture isolate",1e-06,"Hybrid PCR v1.2","100uM","Hybrid COVIDseq","5/11/23","",""
"97",NA,"CS00050",NA,NA,NA,NA,NA,NA,NA,NA,NA,NA,NA,NA,NA,NA,NA,NA,NA,NA,NA,NA,NA,NA,NA,NA,NA,NA,NA,NA,NA,32.95,33.34,NA,"Culture isolate",1e-07,"Hybrid PCR v1.2","100uM","Hybrid COVIDseq","5/11/23","",""
"98",NA,"CS00051",NA,NA,NA,NA,NA,NA,NA,NA,NA,NA,NA,NA,NA,NA,NA,NA,NA,NA,NA,NA,NA,NA,NA,NA,NA,NA,NA,NA,NA,37.06,37.48,NA,"Culture isolate",1e-08,"Hybrid PCR v1.2","100uM","Hybrid COVIDseq","5/11/23","",""
"99",NA,"CS00052",NA,NA,NA,NA,NA,NA,NA,NA,NA,NA,NA,NA,NA,NA,NA,NA,NA,NA,NA,NA,NA,NA,NA,NA,NA,NA,NA,NA,NA,25.03,25.51,NA,"Culture isolate",1e-04,"Hybrid PCR v1.2","100uM","Hybrid COVIDseq","5/11/23","",""
"100",NA,"CS00053",NA,NA,NA,NA,NA,NA,NA,NA,NA,NA,NA,NA,NA,NA,NA,NA,NA,NA,NA,NA,NA,NA,NA,NA,NA,NA,NA,NA,NA,27.81,28.33,NA,"Culture isolate",1e-05,"Hybrid PCR v1.2","100uM","Hybrid COVIDseq","5/11/23","",""
"101",NA,"CS00054",NA,NA,NA,NA,NA,NA,NA,NA,NA,NA,NA,NA,NA,NA,NA,NA,NA,NA,NA,NA,NA,NA,NA,NA,NA,NA,NA,NA,NA,29.86,31.11,NA,"Culture isolate",1e-06,"Hybrid PCR v1.2","100uM","Hybrid COVIDseq","5/11/23","",""
"102",NA,"CS00055",NA,NA,NA,NA,NA,NA,NA,NA,NA,NA,NA,NA,NA,NA,NA,NA,NA,NA,NA,NA,NA,NA,NA,NA,NA,NA,NA,NA,NA,33.35,33.84,NA,"Culture isolate",1e-07,"Hybrid PCR v1.2","100uM","Hybrid COVIDseq","5/11/23","",""
"103",NA,"CS00056",NA,NA,NA,NA,NA,NA,NA,NA,NA,NA,NA,NA,NA,NA,NA,NA,NA,NA,NA,NA,NA,NA,NA,NA,NA,NA,NA,NA,NA,35.8,37.91,NA,"Culture isolate",1e-08,"Hybrid PCR v1.2","100uM","Hybrid COVIDseq","5/11/23","",""
"104",NA,"CS00057",NA,NA,NA,NA,NA,NA,NA,NA,NA,NA,NA,NA,NA,NA,NA,NA,NA,NA,NA,NA,NA,NA,NA,NA,NA,NA,NA,NA,NA,23.35,24.01,NA,"Culture isolate",1e-04,"Hybrid PCR v1.2","100uM","Hybrid COVIDseq","5/11/23","",""
"105",NA,"CS00058",NA,NA,NA,NA,NA,NA,NA,NA,NA,NA,NA,NA,NA,NA,NA,NA,NA,NA,NA,NA,NA,NA,NA,NA,NA,NA,NA,NA,NA,26.05,26.14,NA,"Culture isolate",1e-05,"Hybrid PCR v1.2","100uM","Hybrid COVIDseq","5/11/23","",""
"106",NA,"CS00059",NA,NA,NA,NA,NA,NA,NA,NA,NA,NA,NA,NA,NA,NA,NA,NA,NA,NA,NA,NA,NA,NA,NA,NA,NA,NA,NA,NA,NA,28.29,28.62,NA,"Culture isolate",1e-06,"Hybrid PCR v1.2","100uM","Hybrid COVIDseq","5/11/23","",""
"107",NA,"CS00060",NA,NA,NA,NA,NA,NA,NA,NA,NA,NA,NA,NA,NA,NA,NA,NA,NA,NA,NA,NA,NA,NA,NA,NA,NA,NA,NA,NA,NA,30.96,31.27,NA,"Culture isolate",1e-07,"Hybrid PCR v1.2","100uM","Hybrid COVIDseq","5/11/23","",""
"108",NA,"CS00061",NA,NA,NA,NA,NA,NA,NA,NA,NA,NA,NA,NA,NA,NA,NA,NA,NA,NA,NA,NA,NA,NA,NA,NA,NA,NA,NA,NA,NA,34.31,34.44,NA,"Culture isolate",1e-08,"Hybrid PCR v1.2","100uM","Hybrid COVIDseq","5/11/23","",""
"109",NA,"CS00062",NA,NA,NA,NA,NA,NA,NA,NA,NA,NA,NA,NA,NA,NA,NA,NA,NA,NA,NA,NA,NA,NA,NA,NA,NA,NA,NA,NA,NA,25.72,26.45,NA,"Culture isolate",1e-04,"Hybrid PCR v1.2","100uM","Hybrid COVIDseq","5/11/23","",""
"110",NA,"CS00063",NA,NA,NA,NA,NA,NA,NA,NA,NA,NA,NA,NA,NA,NA,NA,NA,NA,NA,NA,NA,NA,NA,NA,NA,NA,NA,NA,NA,NA,31.75,32.79,NA,"Culture isolate",1e-05,"Hybrid PCR v1.2","100uM","Hybrid COVIDseq","5/11/23","",""
"111",NA,"CS00064",NA,NA,NA,NA,NA,NA,NA,NA,NA,NA,NA,NA,NA,NA,NA,NA,NA,NA,NA,NA,NA,NA,NA,NA,NA,NA,NA,NA,NA,35.27,36.17,NA,"Culture isolate",1e-06,"Hybrid PCR v1.2","100uM","Hybrid COVIDseq","5/11/23","",""
"112",NA,"CS00065",NA,NA,NA,NA,NA,NA,NA,NA,NA,NA,NA,NA,NA,NA,NA,NA,NA,NA,NA,NA,NA,NA,NA,NA,NA,NA,NA,NA,NA,35.27,36.17,NA,"Culture isolate",1e-07,"Hybrid PCR v1.2","100uM","Hybrid COVIDseq","5/11/23","",""
"113",NA,"CS00066",NA,NA,NA,NA,NA,NA,NA,NA,NA,NA,NA,NA,NA,NA,NA,NA,NA,NA,NA,NA,NA,NA,NA,NA,NA,NA,NA,NA,NA,39.62,NA,NA,"Culture isolate",1e-08,"Hybrid PCR v1.2","100uM","Hybrid COVIDseq","5/11/23","",""
"114",NA,"CS00067",NA,NA,NA,NA,NA,NA,NA,NA,NA,NA,NA,NA,NA,NA,NA,NA,NA,NA,NA,NA,NA,NA,NA,NA,NA,NA,NA,NA,NA,23.85,25.38,NA,"Culture isolate",1e-04,"Hybrid PCR v1.2","100uM","Hybrid COVIDseq","5/11/23","",""
"115",NA,"CS00068",NA,NA,NA,NA,NA,NA,NA,NA,NA,NA,NA,NA,NA,NA,NA,NA,NA,NA,NA,NA,NA,NA,NA,NA,NA,NA,NA,NA,NA,26.63,28.89,NA,"Culture isolate",1e-05,"Hybrid PCR v1.2","100uM","Hybrid COVIDseq","5/11/23","",""
"116",NA,"CS00069",NA,NA,NA,NA,NA,NA,NA,NA,NA,NA,NA,NA,NA,NA,NA,NA,NA,NA,NA,NA,NA,NA,NA,NA,NA,NA,NA,NA,NA,30.06,31.24,NA,"Culture isolate",1e-06,"Hybrid PCR v1.2","100uM","Hybrid COVIDseq","5/11/23","",""
"117",NA,"CS00070",NA,NA,NA,NA,NA,NA,NA,NA,NA,NA,NA,NA,NA,NA,NA,NA,NA,NA,NA,NA,NA,NA,NA,NA,NA,NA,NA,NA,NA,33.55,34.64,NA,"Culture isolate",1e-07,"Hybrid PCR v1.2","100uM","Hybrid COVIDseq","5/11/23","",""
"118",NA,"CS00071",NA,NA,NA,NA,NA,NA,NA,NA,NA,NA,NA,NA,NA,NA,NA,NA,NA,NA,NA,NA,NA,NA,NA,NA,NA,NA,NA,NA,NA,37.11,39.62,NA,"Culture isolate",1e-08,"Hybrid PCR v1.2","100uM","Hybrid COVIDseq","5/11/23","",""
"119",NA,"CS00072",NA,NA,NA,NA,NA,NA,NA,NA,NA,NA,NA,NA,NA,NA,NA,NA,NA,NA,NA,NA,NA,NA,NA,NA,NA,NA,NA,NA,NA,24.26,24.66,NA,"Culture isolate",1e-04,"Hybrid PCR v1.2","100uM","Hybrid COVIDseq","5/11/23","",""
"120",NA,"CS00073",NA,NA,NA,NA,NA,NA,NA,NA,NA,NA,NA,NA,NA,NA,NA,NA,NA,NA,NA,NA,NA,NA,NA,NA,NA,NA,NA,NA,NA,27.43,28.06,NA,"Culture isolate",1e-05,"Hybrid PCR v1.2","100uM","Hybrid COVIDseq","5/11/23","",""
"121",NA,"CS00074",NA,NA,NA,NA,NA,NA,NA,NA,NA,NA,NA,NA,NA,NA,NA,NA,NA,NA,NA,NA,NA,NA,NA,NA,NA,NA,NA,NA,NA,30.83,31.61,NA,"Culture isolate",1e-06,"Hybrid PCR v1.2","100uM","Hybrid COVIDseq","5/11/23","",""
"122",NA,"CS00075",NA,NA,NA,NA,NA,NA,NA,NA,NA,NA,NA,NA,NA,NA,NA,NA,NA,NA,NA,NA,NA,NA,NA,NA,NA,NA,NA,NA,NA,34.38,35.69,NA,"Culture isolate",1e-07,"Hybrid PCR v1.2","100uM","Hybrid COVIDseq","5/11/23","",""
"123",NA,"CS00076",NA,NA,NA,NA,NA,NA,NA,NA,NA,NA,NA,NA,NA,NA,NA,NA,NA,NA,NA,NA,NA,NA,NA,NA,NA,NA,NA,NA,NA,38.31,38.52,NA,"Culture isolate",1e-08,"Hybrid PCR v1.2","100uM","Hybrid COVIDseq","5/11/23","",""
"124",NA,"CS00153",NA,NA,NA,NA,NA,NA,NA,NA,NA,NA,NA,NA,NA,NA,NA,NA,NA,NA,NA,NA,NA,NA,NA,NA,NA,NA,NA,NA,NA,25.22,NA,NA,"Culture enriched",NA,"","100uM","COVIDseq","7/27/23","64.8",""
"125",NA,"CS00154",NA,NA,NA,NA,NA,NA,NA,NA,NA,NA,NA,NA,NA,NA,NA,NA,NA,NA,NA,NA,NA,NA,NA,NA,NA,NA,NA,NA,NA,27.16,NA,NA,"Culture enriched",NA,"","100uM","COVIDseq","7/27/23","73.6",""
"126",NA,"CS00155",NA,NA,NA,NA,NA,NA,NA,NA,NA,NA,NA,NA,NA,NA,NA,NA,NA,NA,NA,NA,NA,NA,NA,NA,NA,NA,NA,NA,NA,24.67,NA,NA,"Culture enriched",NA,"","100uM","COVIDseq","7/27/23","74.4",""
"127",NA,"CS00156",NA,NA,NA,NA,NA,NA,NA,NA,NA,NA,NA,NA,NA,NA,NA,NA,NA,NA,NA,NA,NA,NA,NA,NA,NA,NA,NA,NA,NA,30.63,NA,NA,"Culture enriched",NA,"","100uM","COVIDseq","7/27/23","75.8",""
"128",NA,"CS00157",NA,NA,NA,NA,NA,NA,NA,NA,NA,NA,NA,NA,NA,NA,NA,NA,NA,NA,NA,NA,NA,NA,NA,NA,NA,NA,NA,NA,NA,34.72,NA,NA,"Culture enriched",NA,"","100uM","COVIDseq","7/27/23","70.2",""
"129",NA,"CS00158",NA,NA,NA,NA,NA,NA,NA,NA,NA,NA,NA,NA,NA,NA,NA,NA,NA,NA,NA,NA,NA,NA,NA,NA,NA,NA,NA,NA,NA,28.29,NA,NA,"Culture enriched",NA,"","100uM","COVIDseq","7/27/23","68.2",""
"130",NA,"CS00159",NA,NA,NA,NA,NA,NA,NA,NA,NA,NA,NA,NA,NA,NA,NA,NA,NA,NA,NA,NA,NA,NA,NA,NA,NA,NA,NA,NA,NA,29.21,NA,NA,"Culture enriched",NA,"","100uM","COVIDseq","7/27/23","84.2",""
"131",NA,"CS00160",NA,NA,NA,NA,NA,NA,NA,NA,NA,NA,NA,NA,NA,NA,NA,NA,NA,NA,NA,NA,NA,NA,NA,NA,NA,NA,NA,NA,NA,31.76,NA,NA,"Culture enriched",NA,"","100uM","COVIDseq","7/27/23","81.2",""
"132",NA,"CS00161",NA,NA,NA,NA,NA,NA,NA,NA,NA,NA,NA,NA,NA,NA,NA,NA,NA,NA,NA,NA,NA,NA,NA,NA,NA,NA,NA,NA,NA,26.69,NA,NA,"Culture enriched",NA,"","100uM","COVIDseq","7/27/23","75.4",""
"133",NA,"CS00162",NA,NA,NA,NA,NA,NA,NA,NA,NA,NA,NA,NA,NA,NA,NA,NA,NA,NA,NA,NA,NA,NA,NA,NA,NA,NA,NA,NA,NA,25.97,NA,"A889-S","Saliva",NA,"","100uM","COVIDseq","7/27/23","69.4",""
"134",NA,"CS00163",NA,NA,NA,NA,NA,NA,NA,NA,NA,NA,NA,NA,NA,NA,NA,NA,NA,NA,NA,NA,NA,NA,NA,NA,NA,NA,NA,NA,NA,30.86,NA,"B042-S","Saliva",NA,"","100uM","COVIDseq","7/27/23","63",""
"135",NA,"CS00164",NA,NA,NA,NA,NA,NA,NA,NA,NA,NA,NA,NA,NA,NA,NA,NA,NA,NA,NA,NA,NA,NA,NA,NA,NA,NA,NA,NA,NA,28.78,NA,"C677-S","Saliva",NA,"","100uM","COVIDseq","7/27/23","59.8",""
"136",NA,"CS00165",NA,NA,NA,NA,NA,NA,NA,NA,NA,NA,NA,NA,NA,NA,NA,NA,NA,NA,NA,NA,NA,NA,NA,NA,NA,NA,NA,NA,NA,37.56,NA,NA,"Saliva",NA,"","100uM","COVIDseq","7/27/23","60.6",""
"137",NA,"CS00166",NA,NA,NA,NA,NA,NA,NA,NA,NA,NA,NA,NA,NA,NA,NA,NA,NA,NA,NA,NA,NA,NA,NA,NA,NA,NA,NA,NA,NA,34.4,NA,NA,"Saliva",NA,"","100uM","COVIDseq","7/27/23","69.6",""
"138",NA,"CS00167",NA,NA,NA,NA,NA,NA,NA,NA,NA,NA,NA,NA,NA,NA,NA,NA,NA,NA,NA,NA,NA,NA,NA,NA,NA,NA,NA,NA,NA,38.32,NA,NA,"Saliva",NA,"","100uM","COVIDseq","7/27/23","71.8",""
"139",NA,"CS00168",NA,NA,NA,NA,NA,NA,NA,NA,NA,NA,NA,NA,NA,NA,NA,NA,NA,NA,NA,NA,NA,NA,NA,NA,NA,NA,NA,NA,NA,32.22,NA,NA,"Saliva",NA,"","100uM","COVIDseq","7/27/23","66.4",""
"140",NA,"CS00169",NA,NA,NA,NA,NA,NA,NA,NA,NA,NA,NA,NA,NA,NA,NA,NA,NA,NA,NA,NA,NA,NA,NA,NA,NA,NA,NA,NA,NA,35.53,NA,NA,"Saliva",NA,"","100uM","COVIDseq","7/27/23","61.2",""
"141",NA,"CS00170",NA,NA,NA,NA,NA,NA,NA,NA,NA,NA,NA,NA,NA,NA,NA,NA,NA,NA,NA,NA,NA,NA,NA,NA,NA,NA,NA,NA,NA,33.04,NA,NA,"Saliva",NA,"","100uM","COVIDseq","7/27/23","64.2",""
"142",NA,"CS00171",NA,NA,NA,NA,NA,NA,NA,NA,NA,NA,NA,NA,NA,NA,NA,NA,NA,NA,NA,NA,NA,NA,NA,NA,NA,NA,NA,NA,NA,NA,NA,"A889-NP","NP swab",NA,"","100uM","COVIDseq","7/27/23","45",""
"143",NA,"CS00172",NA,NA,NA,NA,NA,NA,NA,NA,NA,NA,NA,NA,NA,NA,NA,NA,NA,NA,NA,NA,NA,NA,NA,NA,NA,NA,NA,NA,NA,NA,NA,"B042-NP","NP swab",NA,"","100uM","COVIDseq","7/27/23","56.8",""
"144",NA,"CS00173",NA,NA,NA,NA,NA,NA,NA,NA,NA,NA,NA,NA,NA,NA,NA,NA,NA,NA,NA,NA,NA,NA,NA,NA,NA,NA,NA,NA,NA,NA,NA,"C677-NP","NP swab",NA,"","100uM","COVIDseq","7/27/23","55.8",""
"145",NA,"CS00174",NA,NA,NA,NA,NA,NA,NA,NA,NA,NA,NA,NA,NA,NA,NA,NA,NA,NA,NA,NA,NA,NA,NA,NA,NA,NA,NA,NA,NA,13.21,NA,"W1527-CI","Culture isolate",NA,"","100uM","COVIDseq","7/27/23","80",""
"146",NA,"CS00175",NA,NA,NA,NA,NA,NA,NA,NA,NA,NA,NA,NA,NA,NA,NA,NA,NA,NA,NA,NA,NA,NA,NA,NA,NA,NA,NA,NA,NA,13.06,NA,"W3317-CI","Culture isolate",NA,"","100uM","COVIDseq","7/27/23","85.8",""
"147",NA,"CS00176",NA,NA,NA,NA,NA,NA,NA,NA,NA,NA,NA,NA,NA,NA,NA,NA,NA,NA,NA,NA,NA,NA,NA,NA,NA,NA,NA,NA,NA,15.52,NA,"W4034-CI","Culture isolate",NA,"","100uM","COVIDseq","7/27/23","86.8",""
"148",NA,"CS00177",NA,NA,NA,NA,NA,NA,NA,NA,NA,NA,NA,NA,NA,NA,NA,NA,NA,NA,NA,NA,NA,NA,NA,NA,NA,NA,NA,NA,NA,NA,NA,NA,"Saliva",NA,"","100uM","COVIDseq","7/27/23","60.4",""
"149",NA,"CS00178",NA,NA,NA,NA,NA,NA,NA,NA,NA,NA,NA,NA,NA,NA,NA,NA,NA,NA,NA,NA,NA,NA,NA,NA,NA,NA,NA,NA,NA,NA,NA,NA,"Saliva",NA,"","100uM","COVIDseq","7/27/23","68.2",""
"150",NA,"CS00179",NA,NA,NA,NA,NA,NA,NA,NA,NA,NA,NA,NA,NA,NA,NA,NA,NA,NA,NA,NA,NA,NA,NA,NA,NA,NA,NA,NA,NA,NA,NA,NA,"Saliva",NA,"","100uM","COVIDseq","7/27/23","63.2",""
"151",NA,"CS00180",NA,NA,NA,NA,NA,NA,NA,NA,NA,NA,NA,NA,NA,NA,NA,NA,NA,NA,NA,NA,NA,NA,NA,NA,NA,NA,NA,NA,NA,NA,NA,NA,"Saliva",NA,"","100uM","COVIDseq","7/27/23","66.2",""
"152",NA,"CS00181",NA,NA,NA,NA,NA,NA,NA,NA,NA,NA,NA,NA,NA,NA,NA,NA,NA,NA,NA,NA,NA,NA,NA,NA,NA,NA,NA,NA,NA,NA,NA,NA,"Saliva",NA,"","100uM","COVIDseq","7/27/23","61.4",""
"153",NA,"CS00182",NA,NA,NA,NA,NA,NA,NA,NA,NA,NA,NA,NA,NA,NA,NA,NA,NA,NA,NA,NA,NA,NA,NA,NA,NA,NA,NA,NA,NA,NA,NA,NA,"Saliva",NA,"","100uM","COVIDseq","7/27/23","61",""
"154",NA,"CS00183",NA,NA,NA,NA,NA,NA,NA,NA,NA,NA,NA,NA,NA,NA,NA,NA,NA,NA,NA,NA,NA,NA,NA,NA,NA,NA,NA,NA,NA,NA,NA,NA,"NP swab",NA,"","100uM","COVIDseq","7/27/23","55.8",""
"155",NA,"CS00184",NA,NA,NA,NA,NA,NA,NA,NA,NA,NA,NA,NA,NA,NA,NA,NA,NA,NA,NA,NA,NA,NA,NA,NA,NA,NA,NA,NA,NA,NA,NA,NA,"NP swab",NA,"","100uM","COVIDseq","7/27/23","59.2",""
"156",NA,"CS00185",NA,NA,NA,NA,NA,NA,NA,NA,NA,NA,NA,NA,NA,NA,NA,NA,NA,NA,NA,NA,NA,NA,NA,NA,NA,NA,NA,NA,NA,NA,NA,NA,"NP swab",NA,"","100uM","COVIDseq","7/27/23","52",""
"157",NA,"CS00186",NA,NA,NA,NA,NA,NA,NA,NA,NA,NA,NA,NA,NA,NA,NA,NA,NA,NA,NA,NA,NA,NA,NA,NA,NA,NA,NA,NA,NA,NA,NA,NA,"DNA",NA,"","100uM","COVIDseq","7/27/23","80.8",""
"158",NA,"CS00187",NA,NA,NA,NA,NA,NA,NA,NA,NA,NA,NA,NA,NA,NA,NA,NA,NA,NA,NA,NA,NA,NA,NA,NA,NA,NA,NA,NA,NA,NA,NA,NA,"DNA",NA,"","100uM","COVIDseq","7/27/23","79",""
"159",NA,"CS00188",NA,NA,NA,NA,NA,NA,NA,NA,NA,NA,NA,NA,NA,NA,NA,NA,NA,NA,NA,NA,NA,NA,NA,NA,NA,NA,NA,NA,NA,NA,NA,NA,"DNA",NA,"","100uM","COVIDseq","7/27/23","78.4",""
"160",NA,"CS00189",NA,NA,NA,NA,NA,NA,NA,NA,NA,NA,NA,NA,NA,NA,NA,NA,NA,NA,NA,NA,NA,NA,NA,NA,NA,NA,NA,NA,NA,NA,NA,NA,"DNA",NA,"","100uM","COVIDseq","7/27/23","76.4",""
"161",NA,"CS00190",NA,NA,NA,NA,NA,NA,NA,NA,NA,NA,NA,NA,NA,NA,NA,NA,NA,NA,NA,NA,NA,NA,NA,NA,NA,NA,NA,NA,NA,NA,NA,NA,"DNA",NA,"","100uM","COVIDseq","7/27/23","81.4",""
"162",NA,"CS00191",NA,NA,NA,NA,NA,NA,NA,NA,NA,NA,NA,NA,NA,NA,NA,NA,NA,NA,NA,NA,NA,NA,NA,NA,NA,NA,NA,NA,NA,NA,NA,NA,"Unknown",NA,"","100uM","COVIDseq","7/27/23","85.4",""
"163",NA,"CS00192",NA,NA,NA,NA,NA,NA,NA,NA,NA,NA,NA,NA,NA,NA,NA,NA,NA,NA,NA,NA,NA,NA,NA,NA,NA,NA,NA,NA,NA,NA,NA,NA,"Water",NA,"","100uM","COVIDseq","7/27/23","58",""
"164",NA,"CS00193",NA,NA,NA,NA,NA,NA,NA,NA,NA,NA,NA,NA,NA,NA,NA,NA,NA,NA,NA,NA,NA,NA,NA,NA,NA,NA,NA,NA,NA,NA,NA,NA,"Water",NA,"","100uM","COVIDseq","7/27/23","56",""
"165",NA,"CS00194",NA,NA,NA,NA,NA,NA,NA,NA,NA,NA,NA,NA,NA,NA,NA,NA,NA,NA,NA,NA,NA,NA,NA,NA,NA,NA,NA,NA,NA,NA,NA,NA,"Water",NA,"","100uM","COVIDseq","7/27/23","53.2",""
"166",NA,"CS00195",NA,NA,NA,NA,NA,NA,NA,NA,NA,NA,NA,NA,NA,NA,NA,NA,NA,NA,NA,NA,NA,NA,NA,NA,NA,NA,NA,NA,NA,NA,NA,NA,"Water",NA,"","100uM","COVIDseq","7/27/23","50.2",""
"167",NA,"SP00001",NA,NA,NA,NA,NA,NA,NA,NA,NA,NA,NA,NA,NA,NA,NA,NA,NA,NA,NA,NA,NA,NA,NA,NA,NA,NA,NA,NA,NA,NA,NA,NA,"Culture isolate",0.001,"231016_bacseq","100uM","COVIDseq","11/2/23","107",""
"168",NA,"SP00002",NA,NA,NA,NA,NA,NA,NA,NA,NA,NA,NA,NA,NA,NA,NA,NA,NA,NA,NA,NA,NA,NA,NA,NA,NA,NA,NA,NA,NA,NA,NA,NA,"Culture isolate",1e-04,"231016_bacseq","100uM","COVIDseq","11/2/23","19.4",""
"169",NA,"SP00003",NA,NA,NA,NA,NA,NA,NA,NA,NA,NA,NA,NA,NA,NA,NA,NA,NA,NA,NA,NA,NA,NA,NA,NA,NA,NA,NA,NA,NA,NA,NA,NA,"Culture isolate",1e-05,"231016_bacseq","100uM","COVIDseq","11/2/23","6.4",""
"170",NA,"SP00004",NA,NA,NA,NA,NA,NA,NA,NA,NA,NA,NA,NA,NA,NA,NA,NA,NA,NA,NA,NA,NA,NA,NA,NA,NA,NA,NA,NA,NA,NA,NA,NA,"Culture isolate",1e-06,"231016_bacseq","100uM","COVIDseq","11/2/23","5.9",""
"171",NA,"SP00005",NA,NA,NA,NA,NA,NA,NA,NA,NA,NA,NA,NA,NA,NA,NA,NA,NA,NA,NA,NA,NA,NA,NA,NA,NA,NA,NA,NA,NA,NA,NA,NA,"Culture isolate",1e-07,"231016_bacseq","100uM","COVIDseq","11/2/23","6",""
"172",NA,"SP00006",NA,NA,NA,NA,NA,NA,NA,NA,NA,NA,NA,NA,NA,NA,NA,NA,NA,NA,NA,NA,NA,NA,NA,NA,NA,NA,NA,NA,NA,NA,NA,NA,"Culture isolate",1e-08,"231016_bacseq","100uM","COVIDseq","11/2/23","5.7",""
"173",NA,"SP00007",NA,NA,NA,NA,NA,NA,NA,NA,NA,NA,NA,NA,NA,NA,NA,NA,NA,NA,NA,NA,NA,NA,NA,NA,NA,NA,NA,NA,NA,NA,NA,NA,"Water",NA,"231016_bacseq","100uM","COVIDseq","11/2/23","5.7",""
"174",NA,"SP00008",NA,NA,NA,NA,NA,NA,NA,NA,NA,NA,NA,NA,NA,NA,NA,NA,NA,NA,NA,NA,NA,NA,NA,NA,NA,NA,NA,NA,NA,NA,NA,NA,"Water",NA,"231016_bacseq","100uM","COVIDseq","11/2/23","9.6",""
"175",NA,"SP00009",NA,NA,NA,NA,NA,NA,NA,NA,NA,NA,NA,NA,NA,NA,NA,NA,NA,NA,NA,NA,NA,NA,NA,NA,NA,NA,NA,NA,NA,NA,NA,NA,"Culture isolate",0.001,"231016_bacseq","50uM","COVIDseq","11/2/23","111",""
"176",NA,"SP00010",NA,NA,NA,NA,NA,NA,NA,NA,NA,NA,NA,NA,NA,NA,NA,NA,NA,NA,NA,NA,NA,NA,NA,NA,NA,NA,NA,NA,NA,NA,NA,NA,"Culture isolate",1e-04,"231016_bacseq","50uM","COVIDseq","11/2/23","8.6",""
"177",NA,"SP00011",NA,NA,NA,NA,NA,NA,NA,NA,NA,NA,NA,NA,NA,NA,NA,NA,NA,NA,NA,NA,NA,NA,NA,NA,NA,NA,NA,NA,NA,NA,NA,NA,"Culture isolate",1e-05,"231016_bacseq","50uM","COVIDseq","11/2/23","2.9",""
"178",NA,"SP00012",NA,NA,NA,NA,NA,NA,NA,NA,NA,NA,NA,NA,NA,NA,NA,NA,NA,NA,NA,NA,NA,NA,NA,NA,NA,NA,NA,NA,NA,NA,NA,NA,"Culture isolate",1e-06,"231016_bacseq","50uM","COVIDseq","11/2/23","2.6",""
"179",NA,"SP00013",NA,NA,NA,NA,NA,NA,NA,NA,NA,NA,NA,NA,NA,NA,NA,NA,NA,NA,NA,NA,NA,NA,NA,NA,NA,NA,NA,NA,NA,NA,NA,NA,"Culture isolate",1e-07,"231016_bacseq","50uM","COVIDseq","11/2/23","2.7",""
"180",NA,"SP00014",NA,NA,NA,NA,NA,NA,NA,NA,NA,NA,NA,NA,NA,NA,NA,NA,NA,NA,NA,NA,NA,NA,NA,NA,NA,NA,NA,NA,NA,NA,NA,NA,"Culture isolate",1e-08,"231016_bacseq","50uM","COVIDseq","11/2/23","2.8",""
"181",NA,"SP00015",NA,NA,NA,NA,NA,NA,NA,NA,NA,NA,NA,NA,NA,NA,NA,NA,NA,NA,NA,NA,NA,NA,NA,NA,NA,NA,NA,NA,NA,NA,NA,NA,"Water",NA,"231016_bacseq","50uM","COVIDseq","11/2/23","2.9",""
"182",NA,"SP00016",NA,NA,NA,NA,NA,NA,NA,NA,NA,NA,NA,NA,NA,NA,NA,NA,NA,NA,NA,NA,NA,NA,NA,NA,NA,NA,NA,NA,NA,NA,NA,NA,"Water",NA,"231016_bacseq","50uM","COVIDseq","11/2/23","2.9",""
"183",NA,"SP00017",NA,NA,NA,NA,NA,NA,NA,NA,NA,NA,NA,NA,NA,NA,NA,NA,NA,NA,NA,NA,NA,NA,NA,NA,NA,NA,NA,NA,NA,NA,NA,NA,"Culture isolate",0.001,"231016_bacseq","5uM","COVIDseq","11/2/23","3.1",""
"184",NA,"SP00018",NA,NA,NA,NA,NA,NA,NA,NA,NA,NA,NA,NA,NA,NA,NA,NA,NA,NA,NA,NA,NA,NA,NA,NA,NA,NA,NA,NA,NA,NA,NA,NA,"Culture isolate",1e-04,"231016_bacseq","5uM","COVIDseq","11/2/23","0.2",""
"185",NA,"SP00019",NA,NA,NA,NA,NA,NA,NA,NA,NA,NA,NA,NA,NA,NA,NA,NA,NA,NA,NA,NA,NA,NA,NA,NA,NA,NA,NA,NA,NA,NA,NA,NA,"Culture isolate",1e-05,"231016_bacseq","5uM","COVIDseq","11/2/23","0.2",""
"186",NA,"SP00020",NA,NA,NA,NA,NA,NA,NA,NA,NA,NA,NA,NA,NA,NA,NA,NA,NA,NA,NA,NA,NA,NA,NA,NA,NA,NA,NA,NA,NA,NA,NA,NA,"Culture isolate",1e-06,"231016_bacseq","5uM","COVIDseq","11/2/23","0.2",""
"187",NA,"SP00021",NA,NA,NA,NA,NA,NA,NA,NA,NA,NA,NA,NA,NA,NA,NA,NA,NA,NA,NA,NA,NA,NA,NA,NA,NA,NA,NA,NA,NA,NA,NA,NA,"Culture isolate",1e-07,"231016_bacseq","5uM","COVIDseq","11/2/23","0.2",""
"188",NA,"SP00022",NA,NA,NA,NA,NA,NA,NA,NA,NA,NA,NA,NA,NA,NA,NA,NA,NA,NA,NA,NA,NA,NA,NA,NA,NA,NA,NA,NA,NA,NA,NA,NA,"Culture isolate",1e-08,"231016_bacseq","5uM","COVIDseq","11/2/23","0.2",""
"189",NA,"SP00023",NA,NA,NA,NA,NA,NA,NA,NA,NA,NA,NA,NA,NA,NA,NA,NA,NA,NA,NA,NA,NA,NA,NA,NA,NA,NA,NA,NA,NA,NA,NA,NA,"Water",NA,"231016_bacseq","5uM","COVIDseq","11/2/23","0.2",""
"190",NA,"SP00024",NA,NA,NA,NA,NA,NA,NA,NA,NA,NA,NA,NA,NA,NA,NA,NA,NA,NA,NA,NA,NA,NA,NA,NA,NA,NA,NA,NA,NA,NA,NA,NA,"Water",NA,"231016_bacseq","5uM","COVIDseq","11/2/23","0.2",""
"191",NA,"SP00025",NA,NA,NA,NA,NA,NA,NA,NA,NA,NA,NA,NA,NA,NA,NA,NA,NA,NA,NA,NA,NA,NA,NA,NA,NA,NA,NA,NA,NA,NA,NA,NA,"Culture isolate",0.001,"231016_bacseq","0.5uM","COVIDseq","11/2/23","0.1",""
"192",NA,"SP00026",NA,NA,NA,NA,NA,NA,NA,NA,NA,NA,NA,NA,NA,NA,NA,NA,NA,NA,NA,NA,NA,NA,NA,NA,NA,NA,NA,NA,NA,NA,NA,NA,"Culture isolate",1e-04,"231016_bacseq","0.5uM","COVIDseq","11/2/23","0",""
"193",NA,"SP00027",NA,NA,NA,NA,NA,NA,NA,NA,NA,NA,NA,NA,NA,NA,NA,NA,NA,NA,NA,NA,NA,NA,NA,NA,NA,NA,NA,NA,NA,NA,NA,NA,"Culture isolate",1e-05,"231016_bacseq","0.5uM","COVIDseq","11/2/23","0.1",""
"194",NA,"SP00028",NA,NA,NA,NA,NA,NA,NA,NA,NA,NA,NA,NA,NA,NA,NA,NA,NA,NA,NA,NA,NA,NA,NA,NA,NA,NA,NA,NA,NA,NA,NA,NA,"Culture isolate",1e-06,"231016_bacseq","0.5uM","COVIDseq","11/2/23","0.1",""
"195",NA,"SP00029",NA,NA,NA,NA,NA,NA,NA,NA,NA,NA,NA,NA,NA,NA,NA,NA,NA,NA,NA,NA,NA,NA,NA,NA,NA,NA,NA,NA,NA,NA,NA,NA,"Culture isolate",1e-07,"231016_bacseq","0.5uM","COVIDseq","11/2/23","0.1",""
"196",NA,"SP00030",NA,NA,NA,NA,NA,NA,NA,NA,NA,NA,NA,NA,NA,NA,NA,NA,NA,NA,NA,NA,NA,NA,NA,NA,NA,NA,NA,NA,NA,NA,NA,NA,"Culture isolate",1e-08,"231016_bacseq","0.5uM","COVIDseq","11/2/23","0.1",""
"197",NA,"SP00031",NA,NA,NA,NA,NA,NA,NA,NA,NA,NA,NA,NA,NA,NA,NA,NA,NA,NA,NA,NA,NA,NA,NA,NA,NA,NA,NA,NA,NA,NA,NA,NA,"Water",NA,"231016_bacseq","0.5uM","COVIDseq","11/2/23","0.1",""
"198",NA,"SP00032",NA,NA,NA,NA,NA,NA,NA,NA,NA,NA,NA,NA,NA,NA,NA,NA,NA,NA,NA,NA,NA,NA,NA,NA,NA,NA,NA,NA,NA,NA,NA,NA,"Water",NA,"231016_bacseq","0.5uM","COVIDseq","11/2/23","0.1",""
"199",NA,"SP00033",NA,NA,NA,NA,NA,NA,NA,NA,NA,NA,NA,NA,NA,NA,NA,NA,NA,NA,NA,NA,NA,NA,NA,NA,NA,NA,NA,NA,NA,NA,NA,NA,"Culture isolate",0.001,"231016_bacseq","0.05uM","COVIDseq","11/2/23","0.1",""
"200",NA,"SP00034",NA,NA,NA,NA,NA,NA,NA,NA,NA,NA,NA,NA,NA,NA,NA,NA,NA,NA,NA,NA,NA,NA,NA,NA,NA,NA,NA,NA,NA,NA,NA,NA,"Culture isolate",1e-04,"231016_bacseq","0.05uM","COVIDseq","11/2/23","0",""
"201",NA,"SP00035",NA,NA,NA,NA,NA,NA,NA,NA,NA,NA,NA,NA,NA,NA,NA,NA,NA,NA,NA,NA,NA,NA,NA,NA,NA,NA,NA,NA,NA,NA,NA,NA,"Culture isolate",1e-05,"231016_bacseq","0.05uM","COVIDseq","11/2/23","0.1",""
"202",NA,"SP00036",NA,NA,NA,NA,NA,NA,NA,NA,NA,NA,NA,NA,NA,NA,NA,NA,NA,NA,NA,NA,NA,NA,NA,NA,NA,NA,NA,NA,NA,NA,NA,NA,"Culture isolate",1e-06,"231016_bacseq","0.05uM","COVIDseq","11/2/23","0.1",""
"203",NA,"SP00037",NA,NA,NA,NA,NA,NA,NA,NA,NA,NA,NA,NA,NA,NA,NA,NA,NA,NA,NA,NA,NA,NA,NA,NA,NA,NA,NA,NA,NA,NA,NA,NA,"Culture isolate",1e-07,"231016_bacseq","0.05uM","COVIDseq","11/2/23","0.1",""
"204",NA,"SP00038",NA,NA,NA,NA,NA,NA,NA,NA,NA,NA,NA,NA,NA,NA,NA,NA,NA,NA,NA,NA,NA,NA,NA,NA,NA,NA,NA,NA,NA,NA,NA,NA,"Culture isolate",1e-08,"231016_bacseq","0.05uM","COVIDseq","11/2/23","0.1",""
"205",NA,"SP00039",NA,NA,NA,NA,NA,NA,NA,NA,NA,NA,NA,NA,NA,NA,NA,NA,NA,NA,NA,NA,NA,NA,NA,NA,NA,NA,NA,NA,NA,NA,NA,NA,"Water",NA,"231016_bacseq","0.05uM","COVIDseq","11/2/23","0.1",""
"206",NA,"SP00040",NA,NA,NA,NA,NA,NA,NA,NA,NA,NA,NA,NA,NA,NA,NA,NA,NA,NA,NA,NA,NA,NA,NA,NA,NA,NA,NA,NA,NA,NA,NA,NA,"Water",NA,"231016_bacseq","0.05uM","COVIDseq","11/2/23","0.1",""
"207",NA,"SP00041",NA,NA,NA,NA,NA,NA,NA,NA,NA,NA,NA,NA,NA,NA,NA,NA,NA,NA,NA,NA,NA,NA,NA,NA,NA,NA,NA,NA,NA,NA,NA,"A889-NP","NP swab",NA,"mNGS","","Nextera XT (GLab)","10/31/23","4.54","Contaminated "
"208",NA,"SP00042",NA,NA,NA,NA,NA,NA,NA,NA,NA,NA,NA,NA,NA,NA,NA,NA,NA,NA,NA,NA,NA,NA,NA,NA,NA,NA,NA,NA,NA,NA,NA,"B042-NP","NP swab",NA,"mNGS","","Nextera XT (GLab)","10/31/23","7.88","Contaminated "
"209",NA,"SP00043",NA,NA,NA,NA,NA,NA,NA,NA,NA,NA,NA,NA,NA,NA,NA,NA,NA,NA,NA,NA,NA,NA,NA,NA,NA,NA,NA,NA,NA,NA,NA,"C677-NP","NP swab",NA,"mNGS","","Nextera XT (GLab)","10/31/23","10.7","Contaminated "
"210",NA,"SP00044",NA,NA,NA,NA,NA,NA,NA,NA,NA,NA,NA,NA,NA,NA,NA,NA,NA,NA,NA,NA,NA,NA,NA,NA,NA,NA,NA,NA,NA,NA,NA,"A889-S","Saliva",NA,"mNGS","","Nextera XT (GLab)","10/31/23","17.5","Contaminated "
"211",NA,"SP00045",NA,NA,NA,NA,NA,NA,NA,NA,NA,NA,NA,NA,NA,NA,NA,NA,NA,NA,NA,NA,NA,NA,NA,NA,NA,NA,NA,NA,NA,NA,NA,"B042-S","Saliva",NA,"mNGS","","Nextera XT (GLab)","10/31/23","16.2","Contaminated "
"212",NA,"SP00046",NA,NA,NA,NA,NA,NA,NA,NA,NA,NA,NA,NA,NA,NA,NA,NA,NA,NA,NA,NA,NA,NA,NA,NA,NA,NA,NA,NA,NA,NA,NA,"C677-S","Saliva",NA,"mNGS","","Nextera XT (GLab)","10/31/23","17.8","Contaminated "
"213",NA,"SP00047",NA,NA,NA,NA,NA,NA,NA,NA,NA,NA,NA,NA,NA,NA,NA,NA,NA,NA,NA,NA,NA,NA,NA,NA,NA,NA,NA,NA,NA,NA,NA,"W1527-CI","Culture isolate",NA,"mNGS","","Nextera XT (GLab)","10/31/23","19.8","Contaminated "
"214",NA,"SP00048",NA,NA,NA,NA,NA,NA,NA,NA,NA,NA,NA,NA,NA,NA,NA,NA,NA,NA,NA,NA,NA,NA,NA,NA,NA,NA,NA,NA,NA,NA,NA,"W3317-CI","Culture isolate",NA,"mNGS","","Nextera XT (GLab)","10/31/23","20.8","Contaminated "
"215",NA,"SP00049",NA,NA,NA,NA,NA,NA,NA,NA,NA,NA,NA,NA,NA,NA,NA,NA,NA,NA,NA,NA,NA,NA,NA,NA,NA,NA,NA,NA,NA,NA,NA,"W4034-CI","Culture isolate",NA,"mNGS","","Nextera XT (GLab)","10/31/23","15.1","Contaminated "
"216",NA,"SP00050",NA,NA,NA,NA,NA,NA,NA,NA,NA,NA,NA,NA,NA,NA,NA,NA,NA,NA,NA,NA,NA,NA,NA,NA,NA,NA,NA,NA,NA,NA,NA,"NTC3","Water",NA,"mNGS","","Nextera XT (GLab)","10/31/23","<0.1","Contaminated "
"217",NA,"SP00061",NA,NA,NA,NA,NA,NA,NA,NA,NA,NA,NA,NA,NA,NA,NA,NA,NA,NA,NA,NA,NA,NA,NA,NA,NA,NA,NA,NA,NA,NA,NA,"A889-NP","NP swab",NA,"","100uM","COVIDseq","","83.8","73.4"
"218",NA,"SP00062",NA,NA,NA,NA,NA,NA,NA,NA,NA,NA,NA,NA,NA,NA,NA,NA,NA,NA,NA,NA,NA,NA,NA,NA,NA,NA,NA,NA,NA,NA,NA,"B042-NP","NP swab",NA,"","100uM","COVIDseq","","82.2","84.2"
"219",NA,"SP00063",NA,NA,NA,NA,NA,NA,NA,NA,NA,NA,NA,NA,NA,NA,NA,NA,NA,NA,NA,NA,NA,NA,NA,NA,NA,NA,NA,NA,NA,NA,NA,"C677-NP","NP swab",NA,"","100uM","COVIDseq","","80","79.8"
"220",NA,"SP00064",NA,NA,NA,NA,NA,NA,NA,NA,NA,NA,NA,NA,NA,NA,NA,NA,NA,NA,NA,NA,NA,NA,NA,NA,NA,NA,NA,NA,NA,25.97,NA,"A889-S","Saliva",NA,"","100uM","COVIDseq","","79.8","87.6"
"221",NA,"SP00065",NA,NA,NA,NA,NA,NA,NA,NA,NA,NA,NA,NA,NA,NA,NA,NA,NA,NA,NA,NA,NA,NA,NA,NA,NA,NA,NA,NA,NA,30.86,NA,"B042-S","Saliva",NA,"","100uM","COVIDseq","","75","81.8"
"222",NA,"SP00066",NA,NA,NA,NA,NA,NA,NA,NA,NA,NA,NA,NA,NA,NA,NA,NA,NA,NA,NA,NA,NA,NA,NA,NA,NA,NA,NA,NA,NA,28.78,NA,"C677-S","Saliva",NA,"","100uM","COVIDseq","","73.8","75.8"
"223",NA,"SP00067",NA,NA,NA,NA,NA,NA,NA,NA,NA,NA,NA,NA,NA,NA,NA,NA,NA,NA,NA,NA,NA,NA,NA,NA,NA,NA,NA,NA,NA,23.5,NA,NA,"Culture isolate",NA,"","100uM","COVIDseq","","74.4","75.8"
"224",NA,"SP00068",NA,NA,NA,NA,NA,NA,NA,NA,NA,NA,NA,NA,NA,NA,NA,NA,NA,NA,NA,NA,NA,NA,NA,NA,NA,NA,NA,NA,NA,21.2,NA,NA,"Culture isolate",NA,"","100uM","COVIDseq","","83.4","78.6"
"225",NA,"SP00069",NA,NA,NA,NA,NA,NA,NA,NA,NA,NA,NA,NA,NA,NA,NA,NA,NA,NA,NA,NA,NA,NA,NA,NA,NA,NA,NA,NA,NA,NA,NA,NA,"Water",NA,"","100uM","COVIDseq","","75","78"
